{"accuracy": [0.2667187452316284, 0.5448437333106995, 0.7006250023841858, 0.78515625, 0.8434374928474426, 0.8842187523841858, 0.9104687571525574, 0.9376562237739563, 0.9620312452316284, 0.971875011920929, 0.981249988079071, 0.9828125238418579, 0.9859374761581421, 0.9870312213897705, 0.9881250262260437, 0.996874988079071, 0.9975000023841858, 0.9965624809265137, 0.9990624785423279, 0.9996874928474426, 1.0], "loss": [2.531578302383423, 1.4994304180145264, 1.009824275970459, 0.7069208025932312, 0.5251433253288269, 0.3879684507846832, 0.2934804856777191, 0.2191724181175232, 0.14805293083190918, 0.112619549036026, 0.08236446976661682, 0.07288835942745209, 0.05675273388624191, 0.05139661952853203, 0.04722568020224571, 0.020798658952116966, 0.016765765845775604, 0.01748053729534149, 0.008942900225520134, 0.005826764740049839, 0.004359154496341944], "val_accuracy": [0.42626953125, 0.6181640625, 0.7451171875, 0.81396484375, 0.8212890625, 0.87890625, 0.86572265625, 0.9248046875, 0.9287109375, 0.9453125, 0.94482421875, 0.943359375, 0.94775390625, 0.955078125, 0.9599609375, 0.96826171875, 0.96484375, 0.96728515625, 0.96630859375, 0.966796875, 0.96533203125], "val_loss": [1.8326160907745361, 1.197556495666504, 0.8558114767074585, 0.638540506362915, 0.5740485191345215, 0.4108210504055023, 0.4430387318134308, 0.27027958631515503, 0.24720361828804016, 0.19810162484645844, 0.19439437985420227, 0.19912536442279816, 0.19087712466716766, 0.15881338715553284, 0.1411714255809784, 0.10984207689762115, 0.14088749885559082, 0.11392173171043396, 0.12188799679279327, 0.11698910593986511, 0.11857035756111145], "learning_rate": [0.0010000000474974513, 0.0010000000474974513, 0.0010000000474974513, 0.0010000000474974513, 0.0010000000474974513, 0.0010000000474974513, 0.0010000000474974513, 0.0010000000474974513, 0.0010000000474974513, 0.0010000000474974513, 0.0010000000474974513, 0.0010000000474974513, 0.0010000000474974513, 0.0010000000474974513, 0.0010000000474974513, 0.0010000000474974513, 0.0010000000474974513, 0.0010000000474974513, 0.0005000000237487257, 0.0005000000237487257, 0.0002500000118743628]}