{"accuracy": [0.48249998688697815, 0.803906261920929, 0.8885937333106995, 0.9359375238418579, 0.9579687714576721, 0.9743750095367432, 0.9839062690734863, 0.9912499785423279, 0.9931250214576721, 0.995312511920929, 0.9967187643051147, 0.9989062547683716, 0.9985937476158142, 0.9990624785423279, 0.9996874928474426, 0.999218761920929, 0.9996874928474426, 0.9998437762260437, 0.9996874928474426, 0.9998437762260437, 0.9993749856948853, 1.0, 0.9998437762260437, 1.0, 1.0, 1.0, 1.0, 0.9998437762260437, 1.0, 0.9998437762260437, 0.9998437762260437, 1.0, 1.0, 1.0, 1.0, 1.0, 1.0, 1.0, 1.0, 1.0, 1.0, 1.0, 1.0, 1.0, 1.0, 1.0, 1.0, 0.9998437762260437, 1.0, 1.0, 1.0], "loss": [2.0715396404266357, 0.8433701992034912, 0.46651971340179443, 0.3059442639350891, 0.22452811896800995, 0.16249504685401917, 0.12351787835359573, 0.09289892017841339, 0.08031221479177475, 0.06411396712064743, 0.051948439329862595, 0.044069353491067886, 0.03867858275771141, 0.03222617134451866, 0.027608206495642662, 0.025486361235380173, 0.021298911422491074, 0.01877664402127266, 0.01711220107972622, 0.014903206378221512, 0.01492114644497633, 0.011849934235215187, 0.01130131259560585, 0.010285082273185253, 0.009699305519461632, 0.008717716671526432, 0.008136879652738571, 0.007659196853637695, 0.0068738400004804134, 0.006637038663029671, 0.006524963770061731, 0.005937454290688038, 0.005253751762211323, 0.005016030743718147, 0.0047289649955928326, 0.0044241310097277164, 0.004155982285737991, 0.003980621229857206, 0.0037383572198450565, 0.0034701854456216097, 0.003506990382447839, 0.003272706875577569, 0.0031150118447840214, 0.0030706683173775673, 0.0027236593887209892, 0.0026619324926286936, 0.002669409615918994, 0.0027882896829396486, 0.002580738626420498, 0.0025740850251168013, 0.0024721066001802683], "val_accuracy": [0.619140625, 0.7373046875, 0.8017578125, 0.82275390625, 0.8681640625, 0.8798828125, 0.9052734375, 0.9140625, 0.92236328125, 0.93212890625, 0.9365234375, 0.9384765625, 0.94970703125, 0.95166015625, 0.955078125, 0.96826171875, 0.9638671875, 0.96435546875, 0.96630859375, 0.96826171875, 0.97314453125, 0.9755859375, 0.978515625, 0.982421875, 0.9814453125, 0.9873046875, 0.98095703125, 0.98095703125, 0.986328125, 0.98876953125, 0.986328125, 0.98876953125, 0.98828125, 0.98779296875, 0.9873046875, 0.98876953125, 0.9892578125, 0.990234375, 0.9892578125, 0.98779296875, 0.98876953125, 0.9873046875, 0.990234375, 0.98828125, 0.990234375, 0.9921875, 0.99169921875, 0.9921875, 0.9921875, 0.9912109375, 0.99169921875], "val_loss": [1.4094138145446777, 0.9203276634216309, 0.6509535312652588, 0.557953953742981, 0.43059590458869934, 0.3796860873699188, 0.32183539867401123, 0.2785474956035614, 0.25646835565567017, 0.22763381898403168, 0.20551994442939758, 0.1904733031988144, 0.17154161632061005, 0.15426209568977356, 0.1487220823764801, 0.12378541380167007, 0.12424351274967194, 0.11748553067445755, 0.11824378371238708, 0.10803034156560898, 0.0978444367647171, 0.08877845853567123, 0.08246110379695892, 0.07273110002279282, 0.07098568975925446, 0.06772691011428833, 0.0745038315653801, 0.06428365409374237, 0.05723525583744049, 0.052860721945762634, 0.057913072407245636, 0.048498861491680145, 0.04823485389351845, 0.045472145080566406, 0.047112733125686646, 0.04242333397269249, 0.04564657062292099, 0.03952890634536743, 0.03936706855893135, 0.04147700220346451, 0.03579922765493393, 0.04074715077877045, 0.03431741148233414, 0.03902202099561691, 0.03521750122308731, 0.028766054660081863, 0.03136388957500458, 0.032256461679935455, 0.02958441711962223, 0.03167576715350151, 0.03001323714852333], "learning_rate": [9.999999747378752e-05, 9.999999747378752e-05, 9.999999747378752e-05, 9.999999747378752e-05, 9.999999747378752e-05, 9.999999747378752e-05, 9.999999747378752e-05, 9.999999747378752e-05, 9.999999747378752e-05, 9.999999747378752e-05, 9.999999747378752e-05, 9.999999747378752e-05, 9.999999747378752e-05, 9.999999747378752e-05, 9.999999747378752e-05, 9.999999747378752e-05, 9.999999747378752e-05, 9.999999747378752e-05, 9.999999747378752e-05, 9.999999747378752e-05, 9.999999747378752e-05, 9.999999747378752e-05, 9.999999747378752e-05, 9.999999747378752e-05, 9.999999747378752e-05, 9.999999747378752e-05, 9.999999747378752e-05, 9.999999747378752e-05, 9.999999747378752e-05, 9.999999747378752e-05, 9.999999747378752e-05, 9.999999747378752e-05, 9.999999747378752e-05, 9.999999747378752e-05, 9.999999747378752e-05, 9.999999747378752e-05, 9.999999747378752e-05, 9.999999747378752e-05, 9.999999747378752e-05, 9.999999747378752e-05, 9.999999747378752e-05, 9.999999747378752e-05, 9.999999747378752e-05, 9.999999747378752e-05, 9.999999747378752e-05, 4.999999873689376e-05, 4.999999873689376e-05, 4.999999873689376e-05, 2.499999936844688e-05, 2.499999936844688e-05, 1.249999968422344e-05]}