{"accuracy": [0.6703125238418579, 0.9150000214576721, 0.9615625143051147, 0.9770312309265137, 0.9881250262260437, 0.9939062595367432, 0.9975000023841858, 0.9982812404632568, 0.9989062547683716, 0.9993749856948853, 0.9996874928474426, 0.9996874928474426, 0.9998437762260437, 0.9996874928474426, 0.9998437762260437, 0.9998437762260437, 0.9998437762260437, 0.9998437762260437, 0.9998437762260437, 1.0, 1.0, 0.9998437762260437, 1.0, 0.9996874928474426], "loss": [1.157414197921753, 0.2842429280281067, 0.15433886647224426, 0.10525046288967133, 0.07296064496040344, 0.050550609827041626, 0.0350034162402153, 0.02779507078230381, 0.02312381938099861, 0.017624346539378166, 0.014703618362545967, 0.012362363748252392, 0.010773719288408756, 0.01007397286593914, 0.007775044534355402, 0.006683428771793842, 0.006203784141689539, 0.0053028869442641735, 0.0056586116552352905, 0.004656274802982807, 0.004188322927802801, 0.004251276142895222, 0.004080353770405054, 0.004669184796512127], "val_accuracy": [0.85986328125, 0.93359375, 0.9560546875, 0.96923828125, 0.9765625, 0.984375, 0.97900390625, 0.98486328125, 0.9853515625, 0.9873046875, 0.98876953125, 0.98583984375, 0.98681640625, 0.9873046875, 0.99267578125, 0.9892578125, 0.99072265625, 0.99072265625, 0.9921875, 0.9912109375, 0.990234375, 0.98974609375, 0.9912109375, 0.9912109375], "val_loss": [0.43774333596229553, 0.22044827044010162, 0.15892575681209564, 0.1163422167301178, 0.10246943682432175, 0.07550763338804245, 0.07259297370910645, 0.0588417612016201, 0.055386532098054886, 0.05542967841029167, 0.048863109201192856, 0.04936511069536209, 0.045052364468574524, 0.04228935018181801, 0.03414233401417732, 0.040867697447538376, 0.03431686758995056, 0.03146643191576004, 0.02930963784456253, 0.032633837312459946, 0.034202709794044495, 0.033122338354587555, 0.03138123080134392, 0.03329835087060928], "learning_rate": [0.0010000000474974513, 0.0010000000474974513, 0.0010000000474974513, 0.0010000000474974513, 0.0010000000474974513, 0.0010000000474974513, 0.0010000000474974513, 0.0010000000474974513, 0.0010000000474974513, 0.0010000000474974513, 0.0010000000474974513, 0.0010000000474974513, 0.0010000000474974513, 0.0010000000474974513, 0.0010000000474974513, 0.0010000000474974513, 0.0010000000474974513, 0.0005000000237487257, 0.0005000000237487257, 0.0005000000237487257, 0.0005000000237487257, 0.0002500000118743628, 0.0002500000118743628, 0.0001250000059371814]}