{"accuracy": [0.07750000059604645, 0.13437500596046448, 0.1640625, 0.19593749940395355, 0.21531249582767487, 0.24531249701976776, 0.26953125, 0.2862499952316284, 0.29499998688697815, 0.32374998927116394, 0.33796873688697815, 0.3635937571525574, 0.36546874046325684, 0.37437498569488525, 0.38968750834465027, 0.4012500047683716, 0.4204687476158142, 0.4215624928474426, 0.4348437488079071, 0.4424999952316284, 0.46031248569488525, 0.4660937488079071, 0.4701562523841858, 0.48734375834465027, 0.48750001192092896, 0.49265626072883606, 0.5079687237739563, 0.5131250023841858, 0.5134375095367432, 0.5268750190734863, 0.5293750166893005, 0.5267187356948853, 0.5357812643051147, 0.538281261920929, 0.5356249809265137, 0.5478125214576721, 0.5479687452316284, 0.5564062595367432, 0.559374988079071, 0.5612499713897705, 0.5665624737739563, 0.563281238079071, 0.567187488079071, 0.5609375238418579, 0.5653125047683716, 0.5678125023841858, 0.5673437714576721, 0.5653125047683716, 0.5673437714576721, 0.5690624713897705, 0.5649999976158142, 0.5665624737739563, 0.5684375166893005, 0.563281238079071, 0.5668749809265137, 0.563281238079071, 0.569531261920929, 0.5667187571525574, 0.5699999928474426], "loss": [3.1132724285125732, 2.9511632919311523, 2.845092535018921, 2.7619059085845947, 2.6885159015655518, 2.6179609298706055, 2.551889419555664, 2.484466314315796, 2.4318299293518066, 2.3703527450561523, 2.327359199523926, 2.271064281463623, 2.228687047958374, 2.1740219593048096, 2.1343183517456055, 2.0938243865966797, 2.0522000789642334, 2.025388240814209, 1.9816312789916992, 1.9530425071716309, 1.9104822874069214, 1.8818354606628418, 1.857056736946106, 1.8247897624969482, 1.800645351409912, 1.7832305431365967, 1.7519432306289673, 1.7231656312942505, 1.7101129293441772, 1.688583493232727, 1.6779675483703613, 1.6809049844741821, 1.6615716218948364, 1.6395881175994873, 1.637536644935608, 1.6182055473327637, 1.617825984954834, 1.6050269603729248, 1.6032353639602661, 1.5882054567337036, 1.5857356786727905, 1.5815168619155884, 1.5879273414611816, 1.5934480428695679, 1.5768221616744995, 1.583924412727356, 1.573673963546753, 1.5791085958480835, 1.578323245048523, 1.5770363807678223, 1.5802595615386963, 1.566381573677063, 1.5788503885269165, 1.581276535987854, 1.5740875005722046, 1.5839747190475464, 1.5738508701324463, 1.575414776802063, 1.5706756114959717], "val_accuracy": [0.11181640625, 0.14892578125, 0.1611328125, 0.19775390625, 0.20751953125, 0.28271484375, 0.27587890625, 0.30029296875, 0.294921875, 0.32666015625, 0.35107421875, 0.34375, 0.388671875, 0.3798828125, 0.400390625, 0.37548828125, 0.39501953125, 0.431640625, 0.43994140625, 0.4306640625, 0.46240234375, 0.4580078125, 0.48583984375, 0.4638671875, 0.49462890625, 0.462890625, 0.49169921875, 0.5029296875, 0.5, 0.505859375, 0.51513671875, 0.505859375, 0.515625, 0.52490234375, 0.51953125, 0.5068359375, 0.53271484375, 0.541015625, 0.556640625, 0.53564453125, 0.5546875, 0.548828125, 0.5419921875, 0.55419921875, 0.54638671875, 0.54833984375, 0.55224609375, 0.54296875, 0.55615234375, 0.54638671875, 0.5498046875, 0.546875, 0.53662109375, 0.55419921875, 0.55126953125, 0.54052734375, 0.54638671875, 0.5458984375, 0.541015625], "val_loss": [2.9994513988494873, 2.894604206085205, 2.812816619873047, 2.7191948890686035, 2.6581974029541016, 2.5804190635681152, 2.532761573791504, 2.4706709384918213, 2.4313626289367676, 2.3613340854644775, 2.282604694366455, 2.279160976409912, 2.212704658508301, 2.165409564971924, 2.1473195552825928, 2.0991017818450928, 2.0687010288238525, 2.029909372329712, 1.990762710571289, 1.9948443174362183, 1.929592490196228, 1.9046642780303955, 1.857689380645752, 1.8732236623764038, 1.786635160446167, 1.825667381286621, 1.7943511009216309, 1.7477564811706543, 1.739000916481018, 1.7370795011520386, 1.7026314735412598, 1.6990926265716553, 1.7182658910751343, 1.653192162513733, 1.7040168046951294, 1.7109277248382568, 1.668323040008545, 1.660993218421936, 1.637199878692627, 1.6535524129867554, 1.6569923162460327, 1.6345843076705933, 1.6523990631103516, 1.62473464012146, 1.6449843645095825, 1.6376538276672363, 1.6331232786178589, 1.6402968168258667, 1.618609070777893, 1.6313364505767822, 1.6137255430221558, 1.6400485038757324, 1.6557291746139526, 1.6120902299880981, 1.6121193170547485, 1.6489945650100708, 1.6271798610687256, 1.6504019498825073, 1.6424373388290405], "learning_rate": [0.0010000000474974513, 0.0010000000474974513, 0.0010000000474974513, 0.0010000000474974513, 0.0010000000474974513, 0.0010000000474974513, 0.0010000000474974513, 0.0010000000474974513, 0.0010000000474974513, 0.0010000000474974513, 0.0010000000474974513, 0.0010000000474974513, 0.0010000000474974513, 0.0010000000474974513, 0.0010000000474974513, 0.0010000000474974513, 0.0010000000474974513, 0.0010000000474974513, 0.0010000000474974513, 0.0010000000474974513, 0.0010000000474974513, 0.0010000000474974513, 0.0010000000474974513, 0.0010000000474974513, 0.0010000000474974513, 0.0010000000474974513, 0.0010000000474974513, 0.0005000000237487257, 0.0005000000237487257, 0.0005000000237487257, 0.0005000000237487257, 0.0005000000237487257, 0.0005000000237487257, 0.0005000000237487257, 0.0005000000237487257, 0.0005000000237487257, 0.0002500000118743628, 0.0002500000118743628, 0.0001250000059371814, 0.0001250000059371814, 0.0001250000059371814, 6.25000029685907e-05, 6.25000029685907e-05, 6.25000029685907e-05, 6.25000029685907e-05, 6.25000029685907e-05, 3.125000148429535e-05, 3.125000148429535e-05, 1.5625000742147677e-05, 1.5625000742147677e-05, 1.5625000742147677e-05, 1.5625000742147677e-05, 1.5625000742147677e-05, 7.812500371073838e-06, 7.812500371073838e-06, 7.812500371073838e-06, 3.906250185536919e-06, 3.906250185536919e-06, 1.9531250927684596e-06]}