{"accuracy": [0.08546874672174454, 0.1482812464237213, 0.20765624940395355, 0.2848437428474426, 0.36515626311302185, 0.4489062428474426, 0.5121874809265137, 0.5559375286102295, 0.6254687309265137, 0.671093761920929, 0.7096874713897705, 0.7221875190734863, 0.7540624737739563, 0.7767187356948853, 0.8028125166893005, 0.8106250166893005, 0.8299999833106995, 0.8434374928474426, 0.8637499809265137, 0.8631250262260437, 0.8815624713897705, 0.8824999928474426, 0.8971874713897705, 0.8970312476158142, 0.8956249952316284, 0.9151562452316284, 0.9278125166893005, 0.9285937547683716, 0.9307812452316284, 0.9417187571525574, 0.9432812333106995, 0.9401562213897705, 0.9487500190734863, 0.9476562738418579, 0.9495312571525574], "loss": [4.109422206878662, 2.8045244216918945, 2.6125736236572266, 2.3917431831359863, 2.1380696296691895, 1.896395206451416, 1.6499789953231812, 1.4444905519485474, 1.2287116050720215, 1.078423261642456, 0.9573215246200562, 0.8988211750984192, 0.8152372241020203, 0.7361167073249817, 0.6854187846183777, 0.6406224966049194, 0.594346284866333, 0.5490551590919495, 0.49847137928009033, 0.4810233414173126, 0.4411888122558594, 0.4241444766521454, 0.3874908685684204, 0.3844916522502899, 0.3749639093875885, 0.3198544383049011, 0.30672121047973633, 0.29244351387023926, 0.2848486006259918, 0.262475848197937, 0.2611185908317566, 0.2653154134750366, 0.2491448074579239, 0.24308860301971436, 0.24088989198207855], "val_accuracy": [0.11376953125, 0.185546875, 0.24462890625, 0.333984375, 0.4140625, 0.45654296875, 0.50341796875, 0.5859375, 0.6220703125, 0.6845703125, 0.6787109375, 0.69140625, 0.74755859375, 0.76708984375, 0.7373046875, 0.78076171875, 0.78564453125, 0.80859375, 0.8193359375, 0.82958984375, 0.806640625, 0.8427734375, 0.84326171875, 0.82958984375, 0.8408203125, 0.85986328125, 0.86376953125, 0.85595703125, 0.8701171875, 0.884765625, 0.87890625, 0.87841796875, 0.88720703125, 0.8779296875, 0.8740234375], "val_loss": [2.901136875152588, 2.699246406555176, 2.525071382522583, 2.2572479248046875, 2.045947551727295, 1.8497666120529175, 1.6038854122161865, 1.3415964841842651, 1.21009361743927, 1.0750073194503784, 1.026034951210022, 0.9746807217597961, 0.8444308042526245, 0.8009397983551025, 0.8475381135940552, 0.7296652793884277, 0.7086594104766846, 0.6722422242164612, 0.6181305646896362, 0.6120132803916931, 0.6438702940940857, 0.5781404376029968, 0.5536109805107117, 0.5880017876625061, 0.5625994801521301, 0.5085543990135193, 0.4938104450702667, 0.5311477184295654, 0.502385139465332, 0.4426298141479492, 0.4709858000278473, 0.46136340498924255, 0.45897865295410156, 0.46852073073387146, 0.47937726974487305], "learning_rate": [0.0010000000474974513, 0.0010000000474974513, 0.0010000000474974513, 0.0010000000474974513, 0.0010000000474974513, 0.0010000000474974513, 0.0010000000474974513, 0.0010000000474974513, 0.0010000000474974513, 0.0010000000474974513, 0.0010000000474974513, 0.0010000000474974513, 0.0010000000474974513, 0.0010000000474974513, 0.0010000000474974513, 0.0010000000474974513, 0.0010000000474974513, 0.0010000000474974513, 0.0010000000474974513, 0.0010000000474974513, 0.0010000000474974513, 0.0010000000474974513, 0.0010000000474974513, 0.0010000000474974513, 0.0010000000474974513, 0.0005000000237487257, 0.0005000000237487257, 0.0005000000237487257, 0.0005000000237487257, 0.0002500000118743628, 0.0002500000118743628, 0.0002500000118743628, 0.0001250000059371814, 0.0001250000059371814, 6.25000029685907e-05]}