{"accuracy": [0.2020089328289032, 0.5008370280265808, 0.6813616156578064, 0.7963169813156128, 0.8708147406578064, 0.9232701063156128, 0.9486607313156128, 0.9673548936843872, 0.9782366156578064, 0.986328125, 0.9868861436843872, 0.9927455186843872, 0.9944196343421936, 0.9986048936843872, 0.9955357313156128, 0.998046875, 0.9997209906578064, 0.9997209906578064, 0.9994419813156128, 1.0, 1.0, 1.0, 1.0, 1.0, 1.0, 1.0, 1.0, 1.0, 1.0, 1.0, 1.0, 1.0, 1.0, 1.0, 1.0, 1.0, 1.0, 1.0, 1.0], "loss": [2.803654193878174, 1.7311179637908936, 0.9872335195541382, 0.6558284759521484, 0.42961958050727844, 0.27051815390586853, 0.1716783195734024, 0.11281891912221909, 0.08003894984722137, 0.05190757289528847, 0.04565950483083725, 0.03197161480784416, 0.025281447917222977, 0.01679587922990322, 0.019181476905941963, 0.01214498933404684, 0.007362823933362961, 0.006694369949400425, 0.0067031471990048885, 0.005264194216579199, 0.004035842604935169, 0.003062471514567733, 0.002649341942742467, 0.00212233723141253, 0.002052280120551586, 0.001775151351466775, 0.0018085992196574807, 0.0019982364028692245, 0.001458045793697238, 0.0013843000633642077, 0.0012935847043991089, 0.0012199085904285312, 0.0012011016951873899, 0.0011726034572347999, 0.0010947651462629437, 0.0010643618879839778, 0.0011197555577382445, 0.0010164531413465738, 0.0010476403404027224], "val_accuracy": [0.37968748807907104, 0.655468761920929, 0.785937488079071, 0.8492187261581421, 0.9039062261581421, 0.946093738079071, 0.9671875238418579, 0.969531238079071, 0.9867187738418579, 0.9867187738418579, 0.989062488079071, 0.9937499761581421, 0.9976562261581421, 0.999218761920929, 0.9984375238418579, 1.0, 1.0, 1.0, 1.0, 1.0, 1.0, 1.0, 1.0, 1.0, 1.0, 1.0, 1.0, 1.0, 1.0, 1.0, 1.0, 1.0, 1.0, 1.0, 1.0, 1.0, 1.0, 1.0, 1.0], "val_loss": [2.2701377868652344, 1.2184419631958008, 0.7505007982254028, 0.48230648040771484, 0.31460657715797424, 0.20234140753746033, 0.1256009340286255, 0.10831868648529053, 0.06582087278366089, 0.053877852857112885, 0.03647500276565552, 0.02883506938815117, 0.02810855209827423, 0.015840519219636917, 0.012777341529726982, 0.006555630825459957, 0.006806680466979742, 0.005405086558312178, 0.004456903785467148, 0.003696341533213854, 0.0027277697809040546, 0.002204445656388998, 0.00259588984772563, 0.0020434600301086903, 0.0018509946530684829, 0.0016149051953107119, 0.0022887829691171646, 0.0016835164278745651, 0.001773137366399169, 0.0012109529925510287, 0.0014023990370333195, 0.0012039742432534695, 0.0011000593658536673, 0.0009430716745555401, 0.0010802459437400103, 0.001062091439962387, 0.0012035605031996965, 0.0011435420019552112, 0.0011236714199185371], "learning_rate": [0.0010000000474974513, 0.0010000000474974513, 0.0010000000474974513, 0.0010000000474974513, 0.0010000000474974513, 0.0010000000474974513, 0.0010000000474974513, 0.0010000000474974513, 0.0010000000474974513, 0.0010000000474974513, 0.0010000000474974513, 0.0010000000474974513, 0.0010000000474974513, 0.0010000000474974513, 0.0010000000474974513, 0.0010000000474974513, 0.0010000000474974513, 0.0010000000474974513, 0.0010000000474974513, 0.0010000000474974513, 0.0010000000474974513, 0.0010000000474974513, 0.0010000000474974513, 0.0010000000474974513, 0.0010000000474974513, 0.0010000000474974513, 0.0010000000474974513, 0.0010000000474974513, 0.0005000000237487257, 0.0005000000237487257, 0.0005000000237487257, 0.0005000000237487257, 0.0002500000118743628, 0.0002500000118743628, 0.0002500000118743628, 0.0002500000118743628, 0.0001250000059371814, 0.0001250000059371814, 6.25000029685907e-05]}